"","dataset1","dataset2","dataset3"
"1",0.428571428571429,0.24468085106383,0.164179104477612
