"","min","max","mean","sd","female"
"1",17,30,19.8905722070845,1.53465069225956,0.558855585831063
