"","omegadf1","omegadf2","omegadf3"
"1",0.93604342753162,0.929650399032011,0.906530810343845
