"","overall","dataset1","dataset2","dataset3"
"1",0.621917808219178,0.5,0.563829787234043,0.691542288557214
